State Name,County,State_ID
Alabama,Jefferson,AL
Alabama,Mobile,AL
Alabama,Madison,AL
Alabama,Baldwin,AL
Alabama,Tuscaloosa,AL
Alabama,Montgomery,AL
Alabama,Shelby,AL
Alabama,Lee,AL
Alabama,Morgan,AL
Alabama,Calhoun,AL
Alabama,Houston,AL
Alabama,Limestone,AL
Alabama,Etowah,AL
Alabama,Marshall,AL
Alabama,Lauderdale,AL
Alabama,St. Clair,AL
Alabama,Cullman,AL
Alabama,Elmore,AL
Alabama,Talladega,AL
Alabama,DeKalb,AL
Alabama,Walker,AL
Alabama,Blount,AL
Alabama,Russell,AL
Alabama,Autauga,AL
Alabama,Colbert,AL
Alabama,Coffee,AL
Alabama,Jackson,AL
Alabama,Dale,AL
Alabama,Chilton,AL
Alabama,Tallapoosa,AL
Alabama,Dallas,AL
Alabama,Covington,AL
Alabama,Escambia,AL
Alabama,Chambers,AL
Alabama,Lawrence,AL
Alabama,Pike,AL
Alabama,Franklin,AL
Alabama,Marion,AL
Alabama,Geneva,AL
Alabama,Cherokee,AL
Alabama,Barbour,AL
Alabama,Winston,AL
Alabama,Clarke,AL
Alabama,Bibb,AL
Alabama,Randolph,AL
Alabama,Monroe,AL
Alabama,Macon,AL
Alabama,Marengo,AL
Alabama,Butler,AL
Alabama,Pickens,AL
Alabama,Henry,AL
Alabama,Fayette,AL
Alabama,Washington,AL
Alabama,Cleburne,AL
Alabama,Hale,AL
Alabama,Clay,AL
Alabama,Lamar,AL
Alabama,Crenshaw,AL
Alabama,Choctaw,AL
Alabama,Sumter,AL
Alabama,Conecuh,AL
Alabama,Wilcox,AL
Alabama,Coosa,AL
Alabama,Bullock,AL
Alabama,Lowndes,AL
Alabama,Perry,AL
Alabama,Greene,AL
Alaska,Anchorage,AK
Alaska,Matanuska-Susitna,AK
Alaska,Fairbanks North Star,AK
Alaska,Kenai Peninsula,AK
Alaska,Juneau,AK
Alaska,Bethel,AK
Alaska,Ketchikan Gateway,AK
Alaska,Kodiak Island,AK
Alaska,North Slope,AK
Alaska,Nome,AK
Alaska,Sitka,AK
Alaska,Kusilvak,AK
Alaska,Northwest Arctic,AK
Alaska,Chugach,AK
Alaska,Southeast Fairbanks,AK
Alaska,Prince of Wales-Hyder,AK
Alaska,Yukon-Koyukuk,AK
Alaska,Aleutians West,AK
Alaska,Dillingham,AK
Alaska,Aleutians East,AK
Alaska,Petersburg,AK
Alaska,Copper River,AK
Alaska,Hoonah-Angoon,AK
Alaska,Wrangell,AK
Alaska,Denali,AK
Alaska,Haines,AK
Alaska,Skagway,AK
Alaska,Lake and Peninsula,AK
Alaska,Bristol Bay,AK
Alaska,Yakutat,AK
Arizona,Maricopa,AZ
Arizona,Pima,AZ
Arizona,Pinal County,AZ
Arizona,Yavapai,AZ
Arizona,Mohave,AZ
Arizona,Yuma,AZ
Arizona,Coconino,AZ
Arizona,Cochise,AZ
Arizona,Navajo,AZ
Arizona,Apache,AZ
Arizona,Gila,AZ
Arizona,Santa Cruz,AZ
Arizona,Graham,AZ
Arizona,La Paz,AZ
Arizona,Greenlee,AZ
Arkansas,Pulaski,AR
Arkansas,Benton,AR
Arkansas,Washington,AR
Arkansas,Sebastian,AR
Arkansas,Faulkner,AR
Arkansas,Saline,AR
Arkansas,Craighead,AR
Arkansas,Garland,AR
Arkansas,White,AR
Arkansas,Lonoke,AR
Arkansas,Jefferson,AR
Arkansas,Pope,AR
Arkansas,Crawford,AR
Arkansas,Crittenden,AR
Arkansas,Greene,AR
Arkansas,Miller,AR
Arkansas,Baxter,AR
Arkansas,Mississippi,AR
Arkansas,Union,AR
Arkansas,Independence,AR
Arkansas,Boone,AR
Arkansas,Hot Spring,AR
Arkansas,Carroll,AR
Arkansas,Johnson,AR
Arkansas,Cleburne,AR
Arkansas,St. Francis,AR
Arkansas,Poinsett,AR
Arkansas,Columbia,AR
Arkansas,Ouachita,AR
Arkansas,Clark,AR
Arkansas,Logan,AR
Arkansas,Conway,AR
Arkansas,Yell,AR
Arkansas,Hempstead,AR
Arkansas,Polk,AR
Arkansas,Ashley,AR
Arkansas,Randolph,AR
Arkansas,Grant,AR
Arkansas,Sharp,AR
Arkansas,Drew,AR
Arkansas,Franklin,AR
Arkansas,Arkansas,AR
Arkansas,Marion,AR
Arkansas,Cross,AR
Arkansas,Jackson,AR
Arkansas,Madison,AR
Arkansas,Phillips,AR
Arkansas,Lawrence,AR
Arkansas,Sevier,AR
Arkansas,Van Buren,AR
Arkansas,Clay,AR
Arkansas,Izard,AR
Arkansas,Lincoln,AR
Arkansas,Howard,AR
Arkansas,Stone,AR
Arkansas,Fulton,AR
Arkansas,Little River,AR
Arkansas,Desha,AR
Arkansas,Bradley,AR
Arkansas,Chicot,AR
Arkansas,Pike,AR
Arkansas,Perry,AR
Arkansas,Scott,AR
Arkansas,Lee,AR
Arkansas,Montgomery,AR
Arkansas,Nevada,AR
Arkansas,Prairie,AR
Arkansas,Searcy,AR
Arkansas,Cleveland,AR
Arkansas,Newton,AR
Arkansas,Monroe,AR
Arkansas,Dallas,AR
Arkansas,Lafayette,AR
Arkansas,Woodruff,AR
Arkansas,Calhoun,AR
California,Los Angeles,CA
California,San Diego,CA
California,Orange,CA
California,Riverside,CA
California,San Bernardino,CA
California,Santa Clara,CA
California,Alameda,CA
California,Sacramento,CA
California,Contra Costa,CA
California,Fresno,CA
California,Kern,CA
California,San Francisco,CA
California,Ventura,CA
California,San Joaquin,CA
California,San Mateo,CA
California,Stanislaus,CA
California,Sonoma,CA
California,Tulare,CA
California,Solano,CA
California,Santa Barbara,CA
California,Monterey,CA
California,Placer,CA
California,Merced,CA
California,San Luis Obispo,CA
California,Santa Cruz,CA
California,Marin,CA
California,Yolo,CA
California,Butte,CA
California,El Dorado,CA
California,Shasta,CA
California,Imperial,CA
California,Madera,CA
California,Kings,CA
California,Napa,CA
California,Humboldt,CA
California,Nevada,CA
California,Sutter,CA
California,Mendocino,CA
California,Yuba,CA
California,Lake,CA
California,Tehama,CA
California,San Benito,CA
California,Tuolumne,CA
California,Calaveras,CA
California,Siskiyou,CA
California,Amador,CA
California,Lassen,CA
California,Glenn,CA
California,Del Norte,CA
California,Colusa,CA
California,Plumas,CA
California,Inyo,CA
California,Mariposa,CA
California,Trinity,CA
California,Mono,CA
California,Modoc,CA
California,Sierra,CA
California,Alpine,CA
Colorado,El Paso,CO
Colorado,Denver,CO
Colorado,Arapahoe,CO
Colorado,Jefferson,CO
Colorado,Adams,CO
Colorado,Douglas,CO
Colorado,Larimer,CO
Colorado,Weld,CO
Colorado,Boulder,CO
Colorado,Pueblo,CO
Colorado,Mesa,CO
Colorado,Broomfield,CO
Colorado,Garfield,CO
Colorado,La Plata,CO
Colorado,Eagle,CO
Colorado,Fremont,CO
Colorado,Montrose,CO
Colorado,Delta,CO
Colorado,Summit,CO
Colorado,Morgan,CO
Colorado,Elbert,CO
Colorado,Montezuma,CO
Colorado,Routt,CO
Colorado,Teller,CO
Colorado,Logan,CO
Colorado,Chaffee,CO
Colorado,Otero,CO
Colorado,Park,CO
Colorado,Pitkin,CO
Colorado,Gunnison,CO
Colorado,Alamosa,CO
Colorado,Grand,CO
Colorado,Las Animas,CO
Colorado,Archuleta,CO
Colorado,Moffat,CO
Colorado,Prowers,CO
Colorado,Rio Grande,CO
Colorado,Yuma,CO
Colorado,Clear Creek,CO
Colorado,San Miguel,CO
Colorado,Conejos,CO
Colorado,Lake,CO
Colorado,Kit Carson,CO
Colorado,Huerfano,CO
Colorado,Rio Blanco,CO
Colorado,Saguache,CO
Colorado,Gilpin,CO
Colorado,Crowley,CO
Colorado,Lincoln,CO
Colorado,Bent,CO
Colorado,Ouray,CO
Colorado,Custer,CO
Colorado,Washington,CO
Colorado,Phillips,CO
Colorado,Costilla,CO
Colorado,Baca,CO
Colorado,Sedgwick,CO
Colorado,Dolores,CO
Colorado,Cheyenne,CO
Colorado,Jackson,CO
Colorado,Kiowa,CO
Colorado,Hinsdale,CO
Colorado,Mineral,CO
Colorado,San Juan,CO
Connecticut,Capitol,CT
Connecticut,Western Connecticut,CT
Connecticut,South Central Connecticut,CT
Connecticut,Naugatuck Valley,CT
Connecticut,Greater Bridgeport,CT
Connecticut,Southeastern Connecticut,CT
Connecticut,Lower Connecticut River Valley,CT
Connecticut,Northwest Hills,CT
Connecticut,Northeastern Connecticut,CT
Delaware,New Castle,DE
Delaware,Sussex,DE
Delaware,Kent,DE
District of Columbia,District of Columbia,DC
Florida,Miami-Dade,FL
Florida,Broward,FL
Florida,Palm Beach,FL
Florida,Hillsborough,FL
Florida,Orange,FL
Florida,Duval,FL
Florida,Pinellas,FL
Florida,Lee,FL
Florida,Polk,FL
Florida,Brevard,FL
Florida,Pasco,FL
Florida,Volusia,FL
Florida,Seminole,FL
Florida,Sarasota,FL
Florida,Manatee,FL
Florida,Osceola,FL
Florida,Lake,FL
Florida,Collier,FL
Florida,Marion,FL
Florida,St. Lucie,FL
Florida,Escambia,FL
Florida,Leon,FL
Florida,Alachua,FL
Florida,St. Johns,FL
Florida,Clay,FL
Florida,Okaloosa,FL
Florida,Hernando,FL
Florida,Charlotte,FL
Florida,Santa Rosa,FL
Florida,Bay,FL
Florida,Indian River,FL
Florida,Martin,FL
Florida,Citrus,FL
Florida,Sumter,FL
Florida,Flagler,FL
Florida,Highlands,FL
Florida,Nassau,FL
Florida,Monroe,FL
Florida,Walton,FL
Florida,Putnam,FL
Florida,Columbia,FL
Florida,Jackson,FL
Florida,Suwannee,FL
Florida,Gadsden,FL
Florida,Levy,FL
Florida,Hendry,FL
Florida,Okeechobee,FL
Florida,DeSoto,FL
Florida,Wakulla,FL
Florida,Baker,FL
Florida,Bradford,FL
Florida,Hardee,FL
Florida,Washington,FL
Florida,Taylor,FL
Florida,Holmes,FL
Florida,Gilchrist,FL
Florida,Madison,FL
Florida,Dixie,FL
Florida,Union,FL
Florida,Gulf,FL
Florida,Jefferson,FL
Florida,Calhoun,FL
Florida,Hamilton,FL
Florida,Franklin,FL
Florida,Glades,FL
Florida,Lafayette,FL
Florida,Liberty,FL
Georgia,Fulton,GA
Georgia,Gwinnett,GA
Georgia,Cobb,GA
Georgia,DeKalb,GA
Georgia,Clayton,GA
Georgia,Chatham,GA
Georgia,Cherokee,GA
Georgia,Forsyth,GA
Georgia,Henry,GA
Georgia,Richmond,GA
Georgia,Hall,GA
Georgia,Muscogee,GA
Georgia,Paulding,GA
Georgia,Houston,GA
Georgia,Columbia,GA
Georgia,Bibb,GA
Georgia,Coweta,GA
Georgia,Douglas,GA
Georgia,Clarke,GA
Georgia,Carroll,GA
Georgia,Fayette,GA
Georgia,Lowndes,GA
Georgia,Newton,GA
Georgia,Bartow,GA
Georgia,Whitfield,GA
Georgia,Floyd,GA
Georgia,Walton,GA
Georgia,Rockdale,GA
Georgia,Dougherty,GA
Georgia,Glynn,GA
Georgia,Barrow,GA
Georgia,Bulloch,GA
Georgia,Jackson,GA
Georgia,Troup,GA
Georgia,Walker,GA
Georgia,Catoosa,GA
Georgia,Spalding,GA
Georgia,Liberty,GA
Georgia,Effingham,GA
Georgia,Gordon,GA
Georgia,Camden,GA
Georgia,Laurens,GA
Georgia,Habersham,GA
Georgia,Colquitt,GA
Georgia,Thomas,GA
Georgia,Bryan,GA
Georgia,Baldwin,GA
Georgia,Coffee,GA
Georgia,Polk,GA
Georgia,Oconee,GA
Georgia,Tift,GA
Georgia,Murray,GA
Georgia,Ware,GA
Georgia,Harris,GA
Georgia,Pickens,GA
Georgia,Lumpkin,GA
Georgia,Lee,GA
Georgia,Gilmer,GA
Georgia,Madison,GA
Georgia,Wayne,GA
Georgia,Haralson,GA
Georgia,Sumter,GA
Georgia,Decatur,GA
Georgia,Jones,GA
Georgia,Monroe,GA
Georgia,White,GA
Georgia,Peach,GA
Georgia,Upson,GA
Georgia,Dawson,GA
Georgia,Toombs,GA
Georgia,Stephens,GA
Georgia,Hart,GA
Georgia,Grady,GA
Georgia,Butts,GA
Georgia,Fannin,GA
Georgia,Chattooga,GA
Georgia,Union,GA
Georgia,Burke,GA
Georgia,Tattnall,GA
Georgia,Franklin,GA
Georgia,Emanuel,GA
Georgia,Putnam,GA
Georgia,McDuffie,GA
Georgia,Mitchell,GA
Georgia,Worth,GA
Georgia,Meriwether,GA
Georgia,Crisp,GA
Georgia,Morgan,GA
Georgia,Dodge,GA
Georgia,Washington,GA
Georgia,Pierce,GA
Georgia,Elbert,GA
Georgia,Pike,GA
Georgia,Greene,GA
Georgia,Lamar,GA
Georgia,Appling,GA
Georgia,Banks,GA
Georgia,Berrien,GA
Georgia,Brantley,GA
Georgia,Cook,GA
Georgia,Ben Hill,GA
Georgia,Rabun,GA
Georgia,Long,GA
Georgia,Brooks,GA
Georgia,Dade,GA
Georgia,Jefferson,GA
Georgia,Oglethorpe,GA
Georgia,Jasper,GA
Georgia,Jeff Davis,GA
Georgia,Screven,GA
Georgia,Telfair,GA
Georgia,Charlton,GA
Georgia,Towns,GA
Georgia,Bleckley,GA
Georgia,Crawford,GA
Georgia,Macon,GA
Georgia,Heard,GA
Georgia,Dooly,GA
Georgia,McIntosh,GA
Georgia,Bacon,GA
Georgia,Candler,GA
Georgia,Evans,GA
Georgia,Early,GA
Georgia,Lanier,GA
Georgia,Pulaski,GA
Georgia,Wilkes,GA
Georgia,Irwin,GA
Georgia,Chattahoochee,GA
Georgia,Johnson,GA
Georgia,Seminole,GA
Georgia,Terrell,GA
Georgia,Turner,GA
Georgia,Wilkinson,GA
Georgia,Wilcox,GA
Georgia,Jenkins,GA
Georgia,Montgomery,GA
Georgia,Hancock,GA
Georgia,Atkinson,GA
Georgia,Twiggs,GA
Georgia,Taylor,GA
Georgia,Lincoln,GA
Georgia,Wheeler,GA
Georgia,Marion,GA
Georgia,Clinch,GA
Georgia,Treutlen,GA
Georgia,Randolph,GA
Georgia,Miller,GA
Georgia,Talbot,GA
Georgia,Calhoun,GA
Georgia,Warren,GA
Georgia,Stewart,GA
Georgia,Schley,GA
Georgia,Echols,GA
Georgia,Glascock,GA
Georgia,Baker,GA
Georgia,Clay,GA
Georgia,Webster,GA
Georgia,Quitman,GA
Georgia,Taliaferro,GA
Hawaii,Honolulu,HI
Hawaii,Hawaii,HI
Hawaii,Maui,HI
Hawaii,Kauai,HI
Hawaii,Kalawao,HI
Idaho,Ada,ID
Idaho,Canyon,ID
Idaho,Kootenai,ID
Idaho,Bonneville,ID
Idaho,Twin Falls,ID
Idaho,Bannock,ID
Idaho,Madison,ID
Idaho,Bingham,ID
Idaho,Bonner,ID
Idaho,Nez Perce,ID
Idaho,Latah,ID
Idaho,Jefferson,ID
Idaho,Elmore,ID
Idaho,Payette,ID
Idaho,Cassia,ID
Idaho,Jerome,ID
Idaho,Blaine,ID
Idaho,Minidoka,ID
Idaho,Gem,ID
Idaho,Idaho,ID
Idaho,Gooding,ID
Idaho,Franklin,ID
Idaho,Fremont,ID
Idaho,Shoshone,ID
Idaho,Boundary,ID
Idaho,Owyhee,ID
Idaho,Valley,ID
Idaho,Teton,ID
Idaho,Washington,ID
Idaho,Benewah,ID
Idaho,Clearwater,ID
Idaho,Lemhi,ID
Idaho,Power,ID
Idaho,Boise,ID
Idaho,Caribou,ID
Idaho,Bear Lake,ID
Idaho,Lincoln,ID
Idaho,Oneida,ID
Idaho,Adams,ID
Idaho,Custer,ID
Idaho,Lewis,ID
Idaho,Butte,ID
Idaho,Camas,ID
Idaho,Clark,ID
Illinois,Cook,IL
Illinois,DuPage,IL
Illinois,Lake,IL
Illinois,Will,IL
Illinois,Kane,IL
Illinois,McHenry,IL
Illinois,Winnebago,IL
Illinois,Madison,IL
Illinois,St. Clair,IL
Illinois,Champaign,IL
Illinois,Sangamon,IL
Illinois,Peoria,IL
Illinois,McLean,IL
Illinois,Rock Island,IL
Illinois,Kendall,IL
Illinois,Tazewell,IL
Illinois,LaSalle,IL
Illinois,Kankakee,IL
Illinois,Macon,IL
Illinois,DeKalb,IL
Illinois,Vermilion,IL
Illinois,Williamson,IL
Illinois,Adams,IL
Illinois,Whiteside,IL
Illinois,Boone,IL
Illinois,Jackson,IL
Illinois,Grundy,IL
Illinois,Ogle,IL
Illinois,Knox,IL
Illinois,Henry,IL
Illinois,Coles,IL
Illinois,Macoupin,IL
Illinois,Stephenson,IL
Illinois,Woodford,IL
Illinois,Franklin,IL
Illinois,Marion,IL
Illinois,Jefferson,IL
Illinois,Clinton,IL
Illinois,Livingston,IL
Illinois,Monroe,IL
Illinois,Effingham,IL
Illinois,Lee,IL
Illinois,Christian,IL
Illinois,Fulton,IL
Illinois,Bureau,IL
Illinois,Morgan,IL
Illinois,Randolph,IL
Illinois,Montgomery,IL
Illinois,Logan,IL
Illinois,McDonough,IL
Illinois,Iroquois,IL
Illinois,Saline,IL
Illinois,Jo Daviess,IL
Illinois,Fayette,IL
Illinois,Jersey,IL
Illinois,Shelby,IL
Illinois,Perry,IL
Illinois,Douglas,IL
Illinois,Crawford,IL
Illinois,Hancock,IL
Illinois,Union,IL
Illinois,Edgar,IL
Illinois,Warren,IL
Illinois,Bond,IL
Illinois,Piatt,IL
Illinois,Wayne,IL
Illinois,Richland,IL
Illinois,Mercer,IL
Illinois,Carroll,IL
Illinois,De Witt,IL
Illinois,Clark,IL
Illinois,Lawrence,IL
Illinois,Pike,IL
Illinois,Moultrie,IL
Illinois,Massac,IL
Illinois,White,IL
Illinois,Washington,IL
Illinois,Ford,IL
Illinois,Johnson,IL
Illinois,Clay,IL
Illinois,Mason,IL
Illinois,Cass,IL
Illinois,Menard,IL
Illinois,Greene,IL
Illinois,Marshall,IL
Illinois,Wabash,IL
Illinois,Cumberland,IL
Illinois,Jasper,IL
Illinois,Hamilton,IL
Illinois,Schuyler,IL
Illinois,Henderson,IL
Illinois,Brown,IL
Illinois,Edwards,IL
Illinois,Putnam,IL
Illinois,Stark,IL
Illinois,Alexander,IL
Illinois,Pulaski,IL
Illinois,Gallatin,IL
Illinois,Scott,IL
Illinois,Calhoun,IL
Illinois,Pope,IL
Illinois,Hardin,IL
Indiana,Marion,IN
Indiana,Lake,IN
Indiana,Allen,IN
Indiana,Hamilton,IN
Indiana,St. Joseph,IN
Indiana,Elkhart,IN
Indiana,Tippecanoe,IN
Indiana,Vanderburgh,IN
Indiana,Hendricks,IN
Indiana,Porter,IN
Indiana,Johnson,IN
Indiana,Monroe,IN
Indiana,Madison,IN
Indiana,Clark,IN
Indiana,LaPorte,IN
Indiana,Delaware,IN
Indiana,Vigo,IN
Indiana,Howard,IN
Indiana,Bartholomew,IN
Indiana,Kosciusko,IN
Indiana,Floyd,IN
Indiana,Hancock,IN
Indiana,Morgan,IN
Indiana,Boone,IN
Indiana,Grant,IN
Indiana,Wayne,IN
Indiana,Warrick,IN
Indiana,Dearborn,IN
Indiana,Henry,IN
Indiana,Noble,IN
Indiana,Jackson,IN
Indiana,Marshall,IN
Indiana,Lawrence,IN
Indiana,Shelby,IN
Indiana,Dubois,IN
Indiana,DeKalb,IN
Indiana,LaGrange,IN
Indiana,Harrison,IN
Indiana,Montgomery,IN
Indiana,Cass,IN
Indiana,Putnam,IN
Indiana,Huntington,IN
Indiana,Knox,IN
Indiana,Miami,IN
Indiana,Adams,IN
Indiana,Steuben,IN
Indiana,Whitley,IN
Indiana,Daviess,IN
Indiana,Jefferson,IN
Indiana,Jasper,IN
Indiana,Clinton,IN
Indiana,Gibson,IN
Indiana,Wabash,IN
Indiana,Greene,IN
Indiana,Ripley,IN
Indiana,Wells,IN
Indiana,Washington,IN
Indiana,Jennings,IN
Indiana,Decatur,IN
Indiana,Clay,IN
Indiana,Posey,IN
Indiana,White,IN
Indiana,Randolph,IN
Indiana,Scott,IN
Indiana,Fayette,IN
Indiana,Starke,IN
Indiana,Franklin,IN
Indiana,Owen,IN
Indiana,Sullivan,IN
Indiana,Jay,IN
Indiana,Fulton,IN
Indiana,Carroll,IN
Indiana,Spencer,IN
Indiana,Orange,IN
Indiana,Perry,IN
Indiana,Rush,IN
Indiana,Fountain,IN
Indiana,Parke,IN
Indiana,Brown,IN
Indiana,Vermillion,IN
Indiana,Tipton,IN
Indiana,Newton,IN
Indiana,Pulaski,IN
Indiana,Pike,IN
Indiana,Blackford,IN
Indiana,Crawford,IN
Indiana,Switzerland,IN
Indiana,Martin,IN
Indiana,Benton,IN
Indiana,Warren,IN
Indiana,Union,IN
Indiana,Ohio,IN
Iowa,Polk,IA
Iowa,Linn,IA
Iowa,Scott,IA
Iowa,Johnson,IA
Iowa,Black Hawk,IA
Iowa,Woodbury,IA
Iowa,Dallas,IA
Iowa,Dubuque,IA
Iowa,Story,IA
Iowa,Pottawattamie,IA
Iowa,Warren,IA
Iowa,Clinton,IA
Iowa,Cerro Gordo,IA
Iowa,Muscatine,IA
Iowa,Marshall,IA
Iowa,Des Moines,IA
Iowa,Jasper,IA
Iowa,Webster,IA
Iowa,Sioux,IA
Iowa,Wapello,IA
Iowa,Marion,IA
Iowa,Lee,IA
Iowa,Boone,IA
Iowa,Benton,IA
Iowa,Plymouth,IA
Iowa,Bremer,IA
Iowa,Washington,IA
Iowa,Mahaska,IA
Iowa,Jones,IA
Iowa,Carroll,IA
Iowa,Buena Vista,IA
Iowa,Buchanan,IA
Iowa,Henry,IA
Iowa,Winneshiek,IA
Iowa,Fayette,IA
Iowa,Jackson,IA
Iowa,Poweshiek,IA
Iowa,Cedar,IA
Iowa,Dickinson,IA
Iowa,Delaware,IA
Iowa,Clayton,IA
Iowa,Tama,IA
Iowa,Hardin,IA
Iowa,Madison,IA
Iowa,Iowa,IA
Iowa,Crawford,IA
Iowa,Clay,IA
Iowa,Jefferson,IA
Iowa,Floyd,IA
Iowa,Page,IA
Iowa,Hamilton,IA
Iowa,Kossuth,IA
Iowa,Harrison,IA
Iowa,Mills,IA
Iowa,Butler,IA
Iowa,O'Brien,IA
Iowa,Allamakee,IA
Iowa,Cass,IA
Iowa,Wright,IA
Iowa,Grundy,IA
Iowa,Appanoose,IA
Iowa,Union,IA
Iowa,Lyon,IA
Iowa,Chickasaw,IA
Iowa,Shelby,IA
Iowa,Cherokee,IA
Iowa,Louisa,IA
Iowa,Hancock,IA
Iowa,Winnebago,IA
Iowa,Guthrie,IA
Iowa,Mitchell,IA
Iowa,Montgomery,IA
Iowa,Keokuk,IA
Iowa,Franklin,IA
Iowa,Calhoun,IA
Iowa,Sac,IA
Iowa,Clarke,IA
Iowa,Humboldt,IA
Iowa,Howard,IA
Iowa,Emmet,IA
Iowa,Davis,IA
Iowa,Palo Alto,IA
Iowa,Greene,IA
Iowa,Monona,IA
Iowa,Lucas,IA
Iowa,Decatur,IA
Iowa,Monroe,IA
Iowa,Adair,IA
Iowa,Worth,IA
Iowa,Van Buren,IA
Iowa,Pocahontas,IA
Iowa,Ida,IA
Iowa,Fremont,IA
Iowa,Wayne,IA
Iowa,Osceola,IA
Iowa,Taylor,IA
Iowa,Audubon,IA
Iowa,Ringgold,IA
Iowa,Adams,IA
Kansas,Johnson,KS
Kansas,Sedgwick,KS
Kansas,Shawnee,KS
Kansas,Wyandotte,KS
Kansas,Douglas,KS
Kansas,Leavenworth,KS
Kansas,Riley,KS
Kansas,Butler,KS
Kansas,Reno,KS
Kansas,Saline,KS
Kansas,Crawford,KS
Kansas,Finney,KS
Kansas,Geary,KS
Kansas,Cowley,KS
Kansas,Miami,KS
Kansas,Ford,KS
Kansas,Harvey,KS
Kansas,Lyon,KS
Kansas,Montgomery,KS
Kansas,McPherson,KS
Kansas,Ellis,KS
Kansas,Franklin,KS
Kansas,Pottawatomie,KS
Kansas,Barton,KS
Kansas,Sumner,KS
Kansas,Seward,KS
Kansas,Labette,KS
Kansas,Cherokee,KS
Kansas,Dickinson,KS
Kansas,Jefferson,KS
Kansas,Atchison,KS
Kansas,Neosho,KS
Kansas,Osage,KS
Kansas,Bourbon,KS
Kansas,Jackson,KS
Kansas,Allen,KS
Kansas,Marion,KS
Kansas,Nemaha,KS
Kansas,Marshall,KS
Kansas,Linn,KS
Kansas,Brown,KS
Kansas,Rice,KS
Kansas,Pratt,KS
Kansas,Cloud,KS
Kansas,Wilson,KS
Kansas,Coffey,KS
Kansas,Clay,KS
Kansas,Thomas,KS
Kansas,Anderson,KS
Kansas,Doniphan,KS
Kansas,Kingman,KS
Kansas,Grant,KS
Kansas,Wabaunsee,KS
Kansas,Russell,KS
Kansas,Ellsworth,KS
Kansas,Pawnee,KS
Kansas,Greenwood,KS
Kansas,Sherman,KS
Kansas,Mitchell,KS
Kansas,Ottawa,KS
Kansas,Gray,KS
Kansas,Washington,KS
Kansas,Harper,KS
Kansas,Norton,KS
Kansas,Morris,KS
Kansas,Stevens,KS
Kansas,Scott,KS
Kansas,Phillips,KS
Kansas,Rooks,KS
Kansas,Republic,KS
Kansas,Barber,KS
Kansas,Stafford,KS
Kansas,Meade,KS
Kansas,Kearny,KS
Kansas,Haskell,KS
Kansas,Smith,KS
Kansas,Osborne,KS
Kansas,Chautauqua,KS
Kansas,Woodson,KS
Kansas,Rush,KS
Kansas,Lincoln,KS
Kansas,Jewell,KS
Kansas,Edwards,KS
Kansas,Trego,KS
Kansas,Decatur,KS
Kansas,Gove,KS
Kansas,Logan,KS
Kansas,Morton,KS
Kansas,Ness,KS
Kansas,Cheyenne,KS
Kansas,Chase,KS
Kansas,Rawlins,KS
Kansas,Hamilton,KS
Kansas,Elk,KS
Kansas,Sheridan,KS
Kansas,Kiowa,KS
Kansas,Graham,KS
Kansas,Wichita,KS
Kansas,Stanton,KS
Kansas,Clark,KS
Kansas,Comanche,KS
Kansas,Hodgeman,KS
Kansas,Lane,KS
Kansas,Wallace,KS
Kansas,Greeley,KS
Kentucky,Jefferson,KY
Kentucky,Fayette,KY
Kentucky,Kenton,KY
Kentucky,Boone,KY
Kentucky,Warren,KY
Kentucky,Hardin,KY
Kentucky,Daviess,KY
Kentucky,Campbell,KY
Kentucky,Madison,KY
Kentucky,Bullitt,KY
Kentucky,Christian,KY
Kentucky,Oldham,KY
Kentucky,McCracken,KY
Kentucky,Pulaski,KY
Kentucky,Laurel,KY
Kentucky,Pike,KY
Kentucky,Scott,KY
Kentucky,Jessamine,KY
Kentucky,Franklin,KY
Kentucky,Boyd,KY
Kentucky,Shelby,KY
Kentucky,Nelson,KY
Kentucky,Hopkins,KY
Kentucky,Henderson,KY
Kentucky,Barren,KY
Kentucky,Calloway,KY
Kentucky,Clark,KY
Kentucky,Graves,KY
Kentucky,Whitley,KY
Kentucky,Greenup,KY
Kentucky,Floyd,KY
Kentucky,Marshall,KY
Kentucky,Muhlenberg,KY
Kentucky,Boyle,KY
Kentucky,Knox,KY
Kentucky,Meade,KY
Kentucky,Montgomery,KY
Kentucky,Perry,KY
Kentucky,Logan,KY
Kentucky,Woodford,KY
Kentucky,Carter,KY
Kentucky,Harlan,KY
Kentucky,Grayson,KY
Kentucky,Taylor,KY
Kentucky,Grant,KY
Kentucky,Rowan,KY
Kentucky,Lincoln,KY
Kentucky,Bell,KY
Kentucky,Anderson,KY
Kentucky,Ohio,KY
Kentucky,Mercer,KY
Kentucky,Johnson,KY
Kentucky,Letcher,KY
Kentucky,Allen,KY
Kentucky,Breckinridge,KY
Kentucky,Clay,KY
Kentucky,Bourbon,KY
Kentucky,Wayne,KY
Kentucky,Marion,KY
Kentucky,Simpson,KY
Kentucky,Spencer,KY
Kentucky,Hart,KY
Kentucky,Adair,KY
Kentucky,Harrison,KY
Kentucky,Russell,KY
Kentucky,Garrard,KY
Kentucky,Mason,KY
Kentucky,McCreary,KY
Kentucky,Lawrence,KY
Kentucky,Rockcastle,KY
Kentucky,Casey,KY
Kentucky,Henry,KY
Kentucky,Fleming,KY
Kentucky,Larue,KY
Kentucky,Pendleton,KY
Kentucky,Knott,KY
Kentucky,Trigg,KY
Kentucky,Estill,KY
Kentucky,Morgan,KY
Kentucky,Breathitt,KY
Kentucky,Union,KY
Kentucky,Powell,KY
Kentucky,Lewis,KY
Kentucky,Jackson,KY
Kentucky,Webster,KY
Kentucky,Bath,KY
Kentucky,Caldwell,KY
Kentucky,Butler,KY
Kentucky,Todd,KY
Kentucky,Edmonson,KY
Kentucky,Washington,KY
Kentucky,Magoffin,KY
Kentucky,Monroe,KY
Kentucky,Martin,KY
Kentucky,Owen,KY
Kentucky,Green,KY
Kentucky,Carroll,KY
Kentucky,Leslie,KY
Kentucky,Metcalfe,KY
Kentucky,Clinton,KY
Kentucky,McLean,KY
Kentucky,Hancock,KY
Kentucky,Livingston,KY
Kentucky,Crittenden,KY
Kentucky,Lyon,KY
Kentucky,Gallatin,KY
Kentucky,Trimble,KY
Kentucky,Bracken,KY
Kentucky,Ballard,KY
Kentucky,Nicholas,KY
Kentucky,Elliott,KY
Kentucky,Lee,KY
Kentucky,Wolfe,KY
Kentucky,Fulton,KY
Kentucky,Menifee,KY
Kentucky,Cumberland,KY
Kentucky,Carlisle,KY
Kentucky,Hickman,KY
Kentucky,Owsley,KY
Kentucky,Robertson,KY
Louisiana,East Baton Rouge,LA
Louisiana,Jefferson,LA
Louisiana,Orleans,LA
Louisiana,St. Tammany,LA
Louisiana,Lafayette,LA
Louisiana,Caddo,LA
Louisiana,Calcasieu,LA
Louisiana,Ouachita,LA
Louisiana,Livingston,LA
Louisiana,Tangipahoa,LA
Louisiana,Rapides,LA
Louisiana,Bossier,LA
Louisiana,Ascension,LA
Louisiana,Terrebonne,LA
Louisiana,Lafourche,LA
Louisiana,St. Landry,LA
Louisiana,Iberia,LA
Louisiana,Acadia,LA
Louisiana,Vermilion,LA
Louisiana,St. Charles,LA
Louisiana,St. Martin,LA
Louisiana,St. Mary,LA
Louisiana,Vernon,LA
Louisiana,Lincoln,LA
Louisiana,Washington,LA
Louisiana,St. Bernard,LA
Louisiana,St. John the Baptist,LA
Louisiana,Avoyelles,LA
Louisiana,Natchitoches,LA
Louisiana,Webster,LA
Louisiana,Beauregard,LA
Louisiana,Evangeline,LA
Louisiana,Jefferson Davis,LA
Louisiana,Iberville,LA
Louisiana,West Baton Rouge,LA
Louisiana,De Soto,LA
Louisiana,Morehouse,LA
Louisiana,Plaquemines,LA
Louisiana,Allen,LA
Louisiana,Sabine,LA
Louisiana,Grant,LA
Louisiana,Assumption,LA
Louisiana,Union,LA
Louisiana,Pointe Coupee,LA
Louisiana,St. James,LA
Louisiana,Richland,LA
Louisiana,Franklin,LA
Louisiana,East Feliciana,LA
Louisiana,Concordia,LA
Louisiana,West Feliciana,LA
Louisiana,Jackson,LA
Louisiana,LaSalle,LA
Louisiana,Claiborne,LA
Louisiana,Winn,LA
Louisiana,Bienville,LA
Louisiana,St. Helena,LA
Louisiana,Madison,LA
Louisiana,West Carroll,LA
Louisiana,Caldwell,LA
Louisiana,Catahoula,LA
Louisiana,Red River,LA
Louisiana,East Carroll,LA
Louisiana,Cameron,LA
Louisiana,Tensas,LA
Maine,Cumberland,ME
Maine,York,ME
Maine,Penobscot,ME
Maine,Kennebec,ME
Maine,Androscoggin,ME
Maine,Aroostook,ME
Maine,Oxford,ME
Maine,Hancock,ME
Maine,Somerset,ME
Maine,Knox,ME
Maine,Waldo,ME
Maine,Sagadahoc,ME
Maine,Lincoln,ME
Maine,Washington,ME
Maine,Franklin,ME
Maine,Piscataquis,ME
Maryland,Montgomery,MD
Maryland,Prince George's,MD
Maryland,Baltimore,MD
Maryland,Anne Arundel,MD
Maryland,Baltimore,MD
Maryland,Howard,MD
Maryland,Frederick,MD
Maryland,Harford,MD
Maryland,Carroll,MD
Maryland,Charles,MD
Maryland,Washington,MD
Maryland,St. Mary's,MD
Maryland,Cecil,MD
Maryland,Wicomico,MD
Maryland,Calvert,MD
Maryland,Allegany,MD
Maryland,Worcester,MD
Maryland,Queen Anne's,MD
Maryland,Talbot,MD
Maryland,Caroline,MD
Maryland,Dorchester,MD
Maryland,Garrett,MD
Maryland,Somerset,MD
Maryland,Kent,MD
Massachusetts,Middlesex,MA
Massachusetts,Worcester,MA
Massachusetts,Essex,MA
Massachusetts,Suffolk,MA
Massachusetts,Norfolk,MA
Massachusetts,Bristol,MA
Massachusetts,Plymouth,MA
Massachusetts,Hampden,MA
Massachusetts,Barnstable,MA
Massachusetts,Hampshire,MA
Massachusetts,Berkshire,MA
Massachusetts,Franklin,MA
Massachusetts,Dukes,MA
Massachusetts,Nantucket,MA
Michigan,Wayne,MI
Michigan,Oakland,MI
Michigan,Macomb,MI
Michigan,Kent,MI
Michigan,Genesee,MI
Michigan,Washtenaw,MI
Michigan,Ottawa,MI
Michigan,Ingham,MI
Michigan,Kalamazoo,MI
Michigan,Livingston,MI
Michigan,Saginaw,MI
Michigan,Muskegon,MI
Michigan,Jackson,MI
Michigan,St. Clair,MI
Michigan,Monroe,MI
Michigan,Berrien,MI
Michigan,Calhoun,MI
Michigan,Allegan,MI
Michigan,Eaton,MI
Michigan,Bay,MI
Michigan,Lenawee,MI
Michigan,Grand Traverse,MI
Michigan,Lapeer,MI
Michigan,Midland,MI
Michigan,Clinton,MI
Michigan,Van Buren,MI
Michigan,Shiawassee,MI
Michigan,Montcalm,MI
Michigan,Ionia,MI
Michigan,Marquette,MI
Michigan,Isabella,MI
Michigan,Barry,MI
Michigan,St. Joseph,MI
Michigan,Tuscola,MI
Michigan,Cass,MI
Michigan,Newaygo,MI
Michigan,Hillsdale,MI
Michigan,Branch,MI
Michigan,Gratiot,MI
Michigan,Sanilac,MI
Michigan,Mecosta,MI
Michigan,Houghton,MI
Michigan,Delta,MI
Michigan,Chippewa,MI
Michigan,Emmet,MI
Michigan,Wexford,MI
Michigan,Huron,MI
Michigan,Clare,MI
Michigan,Mason,MI
Michigan,Alpena,MI
Michigan,Oceana,MI
Michigan,Charlevoix,MI
Michigan,Dickinson,MI
Michigan,Cheboygan,MI
Michigan,Gladwin,MI
Michigan,Iosco,MI
Michigan,Otsego,MI
Michigan,Manistee,MI
Michigan,Antrim,MI
Michigan,Roscommon,MI
Michigan,Menominee,MI
Michigan,Osceola,MI
Michigan,Leelanau,MI
Michigan,Ogemaw,MI
Michigan,Benzie,MI
Michigan,Kalkaska,MI
Michigan,Missaukee,MI
Michigan,Arenac,MI
Michigan,Gogebic,MI
Michigan,Crawford,MI
Michigan,Presque Isle,MI
Michigan,Lake,MI
Michigan,Iron,MI
Michigan,Mackinac,MI
Michigan,Alcona,MI
Michigan,Montmorency,MI
Michigan,Alger,MI
Michigan,Oscoda,MI
Michigan,Baraga,MI
Michigan,Schoolcraft,MI
Michigan,Ontonagon,MI
Michigan,Luce,MI
Michigan,Keweenaw,MI
Minnesota,Hennepin,MN
Minnesota,Ramsey,MN
Minnesota,Dakota,MN
Minnesota,Anoka,MN
Minnesota,Washington,MN
Minnesota,St. Louis,MN
Minnesota,Olmsted,MN
Minnesota,Stearns,MN
Minnesota,Scott,MN
Minnesota,Wright,MN
Minnesota,Carver,MN
Minnesota,Sherburne,MN
Minnesota,Blue Earth,MN
Minnesota,Rice,MN
Minnesota,Crow Wing,MN
Minnesota,Clay,MN
Minnesota,Otter Tail,MN
Minnesota,Chisago,MN
Minnesota,Winona,MN
Minnesota,Goodhue,MN
Minnesota,Beltrami,MN
Minnesota,Itasca,MN
Minnesota,Kandiyohi,MN
Minnesota,Benton,MN
Minnesota,Isanti,MN
Minnesota,Mower,MN
Minnesota,Douglas,MN
Minnesota,Steele,MN
Minnesota,McLeod,MN
Minnesota,Carlton,MN
Minnesota,Becker,MN
Minnesota,Nicollet,MN
Minnesota,Morrison,MN
Minnesota,Polk,MN
Minnesota,Freeborn,MN
Minnesota,Cass,MN
Minnesota,Pine,MN
Minnesota,Le Sueur,MN
Minnesota,Mille Lacs,MN
Minnesota,Brown,MN
Minnesota,Lyon,MN
Minnesota,Todd,MN
Minnesota,Meeker,MN
Minnesota,Nobles,MN
Minnesota,Hubbard,MN
Minnesota,Wabasha,MN
Minnesota,Fillmore,MN
Minnesota,Dodge,MN
Minnesota,Martin,MN
Minnesota,Waseca,MN
Minnesota,Houston,MN
Minnesota,Kanabec,MN
Minnesota,Aitkin,MN
Minnesota,Redwood,MN
Minnesota,Roseau,MN
Minnesota,Sibley,MN
Minnesota,Renville,MN
Minnesota,Wadena,MN
Minnesota,Pennington,MN
Minnesota,Faribault,MN
Minnesota,Chippewa,MN
Minnesota,Koochiching,MN
Minnesota,Cottonwood,MN
Minnesota,Pope,MN
Minnesota,Watonwan,MN
Minnesota,Lake,MN
Minnesota,Jackson,MN
Minnesota,Swift,MN
Minnesota,Stevens,MN
Minnesota,Rock,MN
Minnesota,Yellow Medicine,MN
Minnesota,Pipestone,MN
Minnesota,Marshall,MN
Minnesota,Clearwater,MN
Minnesota,Murray,MN
Minnesota,Lac qui Parle,MN
Minnesota,Norman,MN
Minnesota,Wilkin,MN
Minnesota,Grant,MN
Minnesota,Lincoln,MN
Minnesota,Cook,MN
Minnesota,Mahnomen,MN
Minnesota,Big Stone,MN
Minnesota,Kittson,MN
Minnesota,Red Lake,MN
Minnesota,Lake of the Woods,MN
Minnesota,Traverse,MN
Mississippi,Hinds,MS
Mississippi,Harrison,MS
Mississippi,DeSoto,MS
Mississippi,Rankin,MS
Mississippi,Jackson,MS
Mississippi,Madison,MS
Mississippi,Lee,MS
Mississippi,Forrest,MS
Mississippi,Lauderdale,MS
Mississippi,Jones,MS
Mississippi,Lamar,MS
Mississippi,Lowndes,MS
Mississippi,Pearl River,MS
Mississippi,Lafayette,MS
Mississippi,Oktibbeha,MS
Mississippi,Hancock,MS
Mississippi,Washington,MS
Mississippi,Warren,MS
Mississippi,Pike,MS
Mississippi,Lincoln,MS
Mississippi,Alcorn,MS
Mississippi,Monroe,MS
Mississippi,Marshall,MS
Mississippi,Panola,MS
Mississippi,Pontotoc,MS
Mississippi,Bolivar,MS
Mississippi,Adams,MS
Mississippi,Neshoba,MS
Mississippi,Copiah,MS
Mississippi,Tate,MS
Mississippi,Scott,MS
Mississippi,Leflore,MS
Mississippi,Union,MS
Mississippi,Yazoo,MS
Mississippi,Simpson,MS
Mississippi,Sunflower,MS
Mississippi,Prentiss,MS
Mississippi,George,MS
Mississippi,Marion,MS
Mississippi,Itawamba,MS
Mississippi,Tippah,MS
Mississippi,Grenada,MS
Mississippi,Leake,MS
Mississippi,Newton,MS
Mississippi,Coahoma,MS
Mississippi,Wayne,MS
Mississippi,Tishomingo,MS
Mississippi,Clay,MS
Mississippi,Stone,MS
Mississippi,Covington,MS
Mississippi,Attala,MS
Mississippi,Winston,MS
Mississippi,Chickasaw,MS
Mississippi,Holmes,MS
Mississippi,Jasper,MS
Mississippi,Clarke,MS
Mississippi,Smith,MS
Mississippi,Walthall,MS
Mississippi,Greene,MS
Mississippi,Calhoun,MS
Mississippi,Amite,MS
Mississippi,Tallahatchie,MS
Mississippi,Yalobusha,MS
Mississippi,Lawrence,MS
Mississippi,Perry,MS
Mississippi,Jefferson Davis,MS
Mississippi,Noxubee,MS
Mississippi,Webster,MS
Mississippi,Carroll,MS
Mississippi,Montgomery,MS
Mississippi,Tunica,MS
Mississippi,Claiborne,MS
Mississippi,Kemper,MS
Mississippi,Wilkinson,MS
Mississippi,Choctaw,MS
Mississippi,Humphreys,MS
Mississippi,Franklin,MS
Mississippi,Benton,MS
Mississippi,Jefferson,MS
Mississippi,Quitman,MS
Mississippi,Sharkey,MS
Mississippi,Issaquena,MS
Missouri,St. Louis,MO
Missouri,Jackson,MO
Missouri,St. Charles,MO
Missouri,Greene,MO
Missouri,St. Louis,MO
Missouri,Clay,MO
Missouri,Jefferson,MO
Missouri,Boone,MO
Missouri,Jasper,MO
Missouri,Cass,MO
Missouri,Platte,MO
Missouri,Franklin,MO
Missouri,Christian,MO
Missouri,Buchanan,MO
Missouri,Cape Girardeau,MO
Missouri,Cole,MO
Missouri,St. Francois,MO
Missouri,Lincoln,MO
Missouri,Newton,MO
Missouri,Taney,MO
Missouri,Johnson,MO
Missouri,Pulaski,MO
Missouri,Phelps,MO
Missouri,Callaway,MO
Missouri,Camden,MO
Missouri,Pettis,MO
Missouri,Butler,MO
Missouri,Howell,MO
Missouri,Webster,MO
Missouri,Lawrence,MO
Missouri,Scott,MO
Missouri,Laclede,MO
Missouri,Warren,MO
Missouri,Barry,MO
Missouri,Lafayette,MO
Missouri,Polk,MO
Missouri,Stone,MO
Missouri,Stoddard,MO
Missouri,Marion,MO
Missouri,Dunklin,MO
Missouri,Adair,MO
Missouri,Audrain,MO
Missouri,Miller,MO
Missouri,Texas,MO
Missouri,Randolph,MO
Missouri,Washington,MO
Missouri,McDonald,MO
Missouri,Saline,MO
Missouri,Ray,MO
Missouri,Crawford,MO
Missouri,Henry,MO
Missouri,Morgan,MO
Missouri,Clinton,MO
Missouri,Nodaway,MO
Missouri,Vernon,MO
Missouri,Benton,MO
Missouri,Perry,MO
Missouri,Ste. Genevieve,MO
Missouri,Wright,MO
Missouri,Andrew,MO
Missouri,Pike,MO
Missouri,Dallas,MO
Missouri,Cooper,MO
Missouri,New Madrid,MO
Missouri,Bates,MO
Missouri,Pemiscot,MO
Missouri,Moniteau,MO
Missouri,Macon,MO
Missouri,Gasconade,MO
Missouri,Dent,MO
Missouri,Livingston,MO
Missouri,Cedar,MO
Missouri,Osage,MO
Missouri,Madison,MO
Missouri,Mississippi,MO
Missouri,Linn,MO
Missouri,DeKalb,MO
Missouri,Douglas,MO
Missouri,Barton,MO
Missouri,Montgomery,MO
Missouri,Wayne,MO
Missouri,Ripley,MO
Missouri,Bollinger,MO
Missouri,Ralls,MO
Missouri,Howard,MO
Missouri,Lewis,MO
Missouri,Grundy,MO
Missouri,Iron,MO
Missouri,St. Clair,MO
Missouri,Caldwell,MO
Missouri,Oregon,MO
Missouri,Ozark,MO
Missouri,Monroe,MO
Missouri,Carroll,MO
Missouri,Maries,MO
Missouri,Hickory,MO
Missouri,Daviess,MO
Missouri,Harrison,MO
Missouri,Dade,MO
Missouri,Chariton,MO
Missouri,Shannon,MO
Missouri,Clark,MO
Missouri,Gentry,MO
Missouri,Reynolds,MO
Missouri,Shelby,MO
Missouri,Sullivan,MO
Missouri,Carter,MO
Missouri,Atchison,MO
Missouri,Scotland,MO
Missouri,Putnam,MO
Missouri,Holt,MO
Missouri,Schuyler,MO
Missouri,Knox,MO
Missouri,Mercer,MO
Missouri,Worth,MO
Montana,Yellowstone,MT
Montana,Gallatin,MT
Montana,Missoula,MT
Montana,Flathead,MT
Montana,Cascade,MT
Montana,Lewis and Clark,MT
Montana,Ravalli,MT
Montana,Silver Bow,MT
Montana,Lake,MT
Montana,Lincoln,MT
Montana,Park,MT
Montana,Hill,MT
Montana,Glacier,MT
Montana,Big Horn,MT
Montana,Sanders,MT
Montana,Jefferson,MT
Montana,Custer,MT
Montana,Fergus,MT
Montana,Richland,MT
Montana,Roosevelt,MT
Montana,Carbon,MT
Montana,Beaverhead,MT
Montana,Deer Lodge,MT
Montana,Stillwater,MT
Montana,Dawson,MT
Montana,Madison,MT
Montana,Rosebud,MT
Montana,Valley,MT
Montana,Blaine,MT
Montana,Powell,MT
Montana,Broadwater,MT
Montana,Teton,MT
Montana,Pondera,MT
Montana,Chouteau,MT
Montana,Toole,MT
Montana,Musselshell,MT
Montana,Mineral,MT
Montana,Phillips,MT
Montana,Sheridan,MT
Montana,Sweet Grass,MT
Montana,Granite,MT
Montana,Fallon,MT
Montana,Wheatland,MT
Montana,Judith Basin,MT
Montana,Liberty,MT
Montana,Meagher,MT
Montana,Powder River,MT
Montana,McCone,MT
Montana,Daniels,MT
Montana,Carter,MT
Montana,Prairie,MT
Montana,Wibaux,MT
Montana,Garfield,MT
Montana,Golden Valley,MT
Montana,Treasure,MT
Montana,Petroleum,MT
Nebraska,Douglas,NE
Nebraska,Lancaster,NE
Nebraska,Sarpy,NE
Nebraska,Hall,NE
Nebraska,Buffalo,NE
Nebraska,Dodge,NE
Nebraska,Scotts Bluff,NE
Nebraska,Madison,NE
Nebraska,Lincoln,NE
Nebraska,Platte,NE
Nebraska,Adams,NE
Nebraska,Cass,NE
Nebraska,Dawson,NE
Nebraska,Saunders,NE
Nebraska,Gage,NE
Nebraska,Dakota,NE
Nebraska,Washington,NE
Nebraska,Seward,NE
Nebraska,Otoe,NE
Nebraska,Saline,NE
Nebraska,York,NE
Nebraska,Box Butte,NE
Nebraska,Red Willow,NE
Nebraska,Custer,NE
Nebraska,Colfax,NE
Nebraska,Holt,NE
Nebraska,Wayne,NE
Nebraska,Cheyenne,NE
Nebraska,Hamilton,NE
Nebraska,Cuming,NE
Nebraska,Phelps,NE
Nebraska,Knox,NE
Nebraska,Cedar,NE
Nebraska,Butler,NE
Nebraska,Keith,NE
Nebraska,Dawes,NE
Nebraska,Richardson,NE
Nebraska,Merrick,NE
Nebraska,Pierce,NE
Nebraska,Jefferson,NE
Nebraska,Nemaha,NE
Nebraska,Burt,NE
Nebraska,Thurston,NE
Nebraska,Kearney,NE
Nebraska,Howard,NE
Nebraska,Antelope,NE
Nebraska,Clay,NE
Nebraska,Stanton,NE
Nebraska,Dixon,NE
Nebraska,Fillmore,NE
Nebraska,Cherry,NE
Nebraska,Boone,NE
Nebraska,Johnson,NE
Nebraska,Polk,NE
Nebraska,Sheridan,NE
Nebraska,Thayer,NE
Nebraska,Furnas,NE
Nebraska,Morrill,NE
Nebraska,Nuckolls,NE
Nebraska,Valley,NE
Nebraska,Chase,NE
Nebraska,Webster,NE
Nebraska,Kimball,NE
Nebraska,Nance,NE
Nebraska,Harlan,NE
Nebraska,Sherman,NE
Nebraska,Franklin,NE
Nebraska,Perkins,NE
Nebraska,Brown,NE
Nebraska,Hitchcock,NE
Nebraska,Pawnee,NE
Nebraska,Frontier,NE
Nebraska,Greeley,NE
Nebraska,Gosper,NE
Nebraska,Deuel,NE
Nebraska,Garfield,NE
Nebraska,Dundy,NE
Nebraska,Garden,NE
Nebraska,Boyd,NE
Nebraska,Rock,NE
Nebraska,Sioux,NE
Nebraska,Keya Paha,NE
Nebraska,Hayes,NE
Nebraska,Logan,NE
Nebraska,Wheeler,NE
Nebraska,Banner,NE
Nebraska,Hooker,NE
Nebraska,Grant,NE
Nebraska,Loup,NE
Nebraska,Thomas,NE
Nebraska,Arthur,NE
Nebraska,McPherson,NE
Nebraska,Blaine,NE
Nevada,Clark,NV
Nevada,Washoe,NV
Nevada,Lyon,NV
Nevada,Carson City,NV
Nevada,Elko,NV
Nevada,Nye,NV
Nevada,Douglas,NV
Nevada,Churchill,NV
Nevada,Humboldt,NV
Nevada,White Pine,NV
Nevada,Pershing,NV
Nevada,Lander,NV
Nevada,Mineral,NV
Nevada,Lincoln,NV
Nevada,Storey,NV
Nevada,Eureka,NV
Nevada,Esmeralda,NV
New Hampshire,Hillsborough,NH
New Hampshire,Rockingham,NH
New Hampshire,Merrimack,NH
New Hampshire,Strafford,NH
New Hampshire,Grafton,NH
New Hampshire,Cheshire,NH
New Hampshire,Belknap,NH
New Hampshire,Carroll,NH
New Hampshire,Sullivan,NH
New Hampshire,Coos,NH
New Jersey,Bergen,NJ
New Jersey,Middlesex,NJ
New Jersey,Essex,NJ
New Jersey,Hudson,NJ
New Jersey,Monmouth,NJ
New Jersey,Ocean,NJ
New Jersey,Union,NJ
New Jersey,Camden,NJ
New Jersey,Passaic,NJ
New Jersey,Morris,NJ
New Jersey,Burlington,NJ
New Jersey,Mercer,NJ
New Jersey,Somerset,NJ
New Jersey,Gloucester,NJ
New Jersey,Atlantic,NJ
New Jersey,Cumberland,NJ
New Jersey,Sussex,NJ
New Jersey,Hunterdon,NJ
New Jersey,Warren,NJ
New Jersey,Cape May,NJ
New Jersey,Salem,NJ
New Mexico,Bernalillo,NM
New Mexico,Doña Ana,NM
New Mexico,Santa Fe,NM
New Mexico,Sandoval,NM
New Mexico,San Juan,NM
New Mexico,Valencia,NM
New Mexico,Lea,NM
New Mexico,McKinley,NM
New Mexico,Otero,NM
New Mexico,Chaves,NM
New Mexico,Eddy,NM
New Mexico,Curry,NM
New Mexico,Rio Arriba,NM
New Mexico,Taos,NM
New Mexico,Grant,NM
New Mexico,San Miguel,NM
New Mexico,Cibola,NM
New Mexico,Luna,NM
New Mexico,Lincoln,NM
New Mexico,Los Alamos,NM
New Mexico,Roosevelt,NM
New Mexico,Socorro,NM
New Mexico,Torrance,NM
New Mexico,Colfax,NM
New Mexico,Sierra,NM
New Mexico,Quay,NM
New Mexico,Guadalupe,NM
New Mexico,Mora,NM
New Mexico,Hidalgo,NM
New Mexico,Union,NM
New Mexico,Catron,NM
New Mexico,De Baca,NM
New Mexico,Harding,NM
New York,Kings,NY
New York,Queens,NY
New York,New York,NY
New York,Suffolk,NY
New York,Bronx,NY
New York,Nassau,NY
New York,Westchester,NY
New York,Erie,NY
New York,Monroe,NY
New York,Richmond,NY
New York,Onondaga,NY
New York,Orange,NY
New York,Rockland,NY
New York,Albany,NY
New York,Dutchess,NY
New York,Saratoga,NY
New York,Oneida,NY
New York,Niagara,NY
New York,Broome,NY
New York,Ulster,NY
New York,Rensselaer,NY
New York,Schenectady,NY
New York,Chautauqua,NY
New York,Oswego,NY
New York,Jefferson,NY
New York,Ontario,NY
New York,St. Lawrence,NY
New York,Tompkins,NY
New York,Putnam,NY
New York,Steuben,NY
New York,Wayne,NY
New York,Chemung,NY
New York,Clinton,NY
New York,Sullivan,NY
New York,Cattaraugus,NY
New York,Cayuga,NY
New York,Madison,NY
New York,Warren,NY
New York,Livingston,NY
New York,Columbia,NY
New York,Washington,NY
New York,Herkimer,NY
New York,Otsego,NY
New York,Genesee,NY
New York,Fulton,NY
New York,Montgomery,NY
New York,Tioga,NY
New York,Greene,NY
New York,Franklin,NY
New York,Allegany,NY
New York,Chenango,NY
New York,Cortland,NY
New York,Delaware,NY
New York,Wyoming,NY
New York,Orleans,NY
New York,Essex,NY
New York,Seneca,NY
New York,Schoharie,NY
New York,Lewis,NY
New York,Yates,NY
New York,Schuyler,NY
New York,Hamilton,NY
North Carolina,Wake,NC
North Carolina,Mecklenburg,NC
North Carolina,Guilford,NC
North Carolina,Forsyth,NC
North Carolina,Cumberland,NC
North Carolina,Durham,NC
North Carolina,Buncombe,NC
North Carolina,Union,NC
North Carolina,Gaston,NC
North Carolina,New Hanover,NC
North Carolina,Cabarrus,NC
North Carolina,Johnston,NC
North Carolina,Onslow,NC
North Carolina,Iredell,NC
North Carolina,Alamance,NC
North Carolina,Pitt,NC
North Carolina,Davidson,NC
North Carolina,Catawba,NC
North Carolina,Rowan,NC
North Carolina,Orange,NC
North Carolina,Randolph,NC
North Carolina,Brunswick,NC
North Carolina,Harnett,NC
North Carolina,Robeson,NC
North Carolina,Wayne,NC
North Carolina,Henderson,NC
North Carolina,Craven,NC
North Carolina,Moore,NC
North Carolina,Cleveland,NC
North Carolina,Nash,NC
North Carolina,Rockingham,NC
North Carolina,Lincoln,NC
North Carolina,Burke,NC
North Carolina,Caldwell,NC
North Carolina,Wilson,NC
North Carolina,Chatham,NC
North Carolina,Surry,NC
North Carolina,Franklin,NC
North Carolina,Carteret,NC
North Carolina,Wilkes,NC
North Carolina,Rutherford,NC
North Carolina,Lee,NC
North Carolina,Stanly,NC
North Carolina,Haywood,NC
North Carolina,Pender,NC
North Carolina,Granville,NC
North Carolina,Sampson,NC
North Carolina,Lenoir,NC
North Carolina,Watauga,NC
North Carolina,Hoke,NC
North Carolina,Columbus,NC
North Carolina,Duplin,NC
North Carolina,Edgecombe,NC
North Carolina,Halifax,NC
North Carolina,Beaufort,NC
North Carolina,Stokes,NC
North Carolina,McDowell,NC
North Carolina,Richmond,NC
North Carolina,Davie,NC
North Carolina,Vance,NC
North Carolina,Jackson,NC
North Carolina,Pasquotank,NC
North Carolina,Person,NC
North Carolina,Yadkin,NC
North Carolina,Dare,NC
North Carolina,Macon,NC
North Carolina,Alexander,NC
North Carolina,Scotland,NC
North Carolina,Transylvania,NC
North Carolina,Bladen,NC
North Carolina,Cherokee,NC
North Carolina,Currituck,NC
North Carolina,Ashe,NC
North Carolina,Montgomery,NC
North Carolina,Caswell,NC
North Carolina,Anson,NC
North Carolina,Martin,NC
North Carolina,Hertford,NC
North Carolina,Madison,NC
North Carolina,Greene,NC
North Carolina,Polk,NC
North Carolina,Warren,NC
North Carolina,Yancey,NC
North Carolina,Bertie,NC
North Carolina,Avery,NC
North Carolina,Northampton,NC
North Carolina,Mitchell,NC
North Carolina,Swain,NC
North Carolina,Chowan,NC
North Carolina,Perquimans,NC
North Carolina,Pamlico,NC
North Carolina,Clay,NC
North Carolina,Washington,NC
North Carolina,Alleghany,NC
North Carolina,Camden,NC
North Carolina,Gates,NC
North Carolina,Jones,NC
North Carolina,Graham,NC
North Carolina,Hyde,NC
North Carolina,Tyrrell,NC
North Dakota,Cass,ND
North Dakota,Burleigh,ND
North Dakota,Grand Forks,ND
North Dakota,Ward,ND
North Dakota,Williams,ND
North Dakota,Morton,ND
North Dakota,Stark,ND
North Dakota,Stutsman,ND
North Dakota,Richland,ND
North Dakota,McKenzie,ND
North Dakota,Rolette,ND
North Dakota,Ramsey,ND
North Dakota,Barnes,ND
North Dakota,Walsh,ND
North Dakota,McLean,ND
North Dakota,Mountrail,ND
North Dakota,Mercer,ND
North Dakota,Traill,ND
North Dakota,Pembina,ND
North Dakota,Bottineau,ND
North Dakota,Benson,ND
North Dakota,Ransom,ND
North Dakota,McHenry,ND
North Dakota,Dickey,ND
North Dakota,LaMoure,ND
North Dakota,Dunn,ND
North Dakota,Pierce,ND
North Dakota,Wells,ND
North Dakota,Sioux,ND
North Dakota,Sargent,ND
North Dakota,Cavalier,ND
North Dakota,Foster,ND
North Dakota,Emmons,ND
North Dakota,Nelson,ND
North Dakota,Bowman,ND
North Dakota,McIntosh,ND
North Dakota,Hettinger,ND
North Dakota,Kidder,ND
North Dakota,Eddy,ND
North Dakota,Grant,ND
North Dakota,Griggs,ND
North Dakota,Renville,ND
North Dakota,Divide,ND
North Dakota,Adams,ND
North Dakota,Burke,ND
North Dakota,Towner,ND
North Dakota,Logan,ND
North Dakota,Oliver,ND
North Dakota,Steele,ND
North Dakota,Golden Valley,ND
North Dakota,Sheridan,ND
North Dakota,Billings,ND
North Dakota,Slope,ND
Ohio,Franklin,OH
Ohio,Cuyahoga,OH
Ohio,Hamilton,OH
Ohio,Summit,OH
Ohio,Montgomery,OH
Ohio,Lucas,OH
Ohio,Butler,OH
Ohio,Stark,OH
Ohio,Lorain,OH
Ohio,Warren,OH
Ohio,Lake,OH
Ohio,Mahoning,OH
Ohio,Delaware,OH
Ohio,Clermont,OH
Ohio,Trumbull,OH
Ohio,Medina,OH
Ohio,Licking,OH
Ohio,Greene,OH
Ohio,Portage,OH
Ohio,Fairfield,OH
Ohio,Clark,OH
Ohio,Wood,OH
Ohio,Richland,OH
Ohio,Wayne,OH
Ohio,Miami,OH
Ohio,Allen,OH
Ohio,Columbiana,OH
Ohio,Ashtabula,OH
Ohio,Geauga,OH
Ohio,Tuscarawas,OH
Ohio,Muskingum,OH
Ohio,Ross,OH
Ohio,Erie,OH
Ohio,Hancock,OH
Ohio,Scioto,OH
Ohio,Belmont,OH
Ohio,Marion,OH
Ohio,Jefferson,OH
Ohio,Union,OH
Ohio,Knox,OH
Ohio,Athens,OH
Ohio,Washington,OH
Ohio,Sandusky,OH
Ohio,Pickaway,OH
Ohio,Huron,OH
Ohio,Lawrence,OH
Ohio,Seneca,OH
Ohio,Ashland,OH
Ohio,Darke,OH
Ohio,Shelby,OH
Ohio,Auglaize,OH
Ohio,Logan,OH
Ohio,Holmes,OH
Ohio,Madison,OH
Ohio,Brown,OH
Ohio,Highland,OH
Ohio,Fulton,OH
Ohio,Mercer,OH
Ohio,Clinton,OH
Ohio,Crawford,OH
Ohio,Preble,OH
Ohio,Ottawa,OH
Ohio,Champaign,OH
Ohio,Guernsey,OH
Ohio,Defiance,OH
Ohio,Williams,OH
Ohio,Coshocton,OH
Ohio,Perry,OH
Ohio,Morrow,OH
Ohio,Putnam,OH
Ohio,Jackson,OH
Ohio,Hardin,OH
Ohio,Gallia,OH
Ohio,Fayette,OH
Ohio,Van Wert,OH
Ohio,Hocking,OH
Ohio,Henry,OH
Ohio,Adams,OH
Ohio,Pike,OH
Ohio,Carroll,OH
Ohio,Meigs,OH
Ohio,Wyandot,OH
Ohio,Paulding,OH
Ohio,Harrison,OH
Ohio,Noble,OH
Ohio,Morgan,OH
Ohio,Monroe,OH
Ohio,Vinton,OH
Oklahoma,Oklahoma,OK
Oklahoma,Tulsa,OK
Oklahoma,Cleveland,OK
Oklahoma,Canadian,OK
Oklahoma,Comanche,OK
Oklahoma,Rogers,OK
Oklahoma,Wagoner,OK
Oklahoma,Payne,OK
Oklahoma,Pottawatomie,OK
Oklahoma,Creek,OK
Oklahoma,Muskogee,OK
Oklahoma,Garfield,OK
Oklahoma,Grady,OK
Oklahoma,Washington,OK
Oklahoma,Logan,OK
Oklahoma,Le Flore,OK
Oklahoma,Carter,OK
Oklahoma,Cherokee,OK
Oklahoma,Bryan,OK
Oklahoma,Osage,OK
Oklahoma,Kay,OK
Oklahoma,Pittsburg,OK
Oklahoma,Stephens,OK
Oklahoma,McClain,OK
Oklahoma,Delaware,OK
Oklahoma,Sequoyah,OK
Oklahoma,Mayes,OK
Oklahoma,Pontotoc,OK
Oklahoma,Okmulgee,OK
Oklahoma,Lincoln,OK
Oklahoma,McCurtain,OK
Oklahoma,Ottawa,OK
Oklahoma,Custer,OK
Oklahoma,Caddo,OK
Oklahoma,Garvin,OK
Oklahoma,Jackson,OK
Oklahoma,Seminole,OK
Oklahoma,Beckham,OK
Oklahoma,Texas,OK
Oklahoma,Woodward,OK
Oklahoma,Adair,OK
Oklahoma,McIntosh,OK
Oklahoma,Pawnee,OK
Oklahoma,Marshall,OK
Oklahoma,Kingfisher,OK
Oklahoma,Choctaw,OK
Oklahoma,Craig,OK
Oklahoma,Atoka,OK
Oklahoma,Murray,OK
Oklahoma,Hughes,OK
Oklahoma,Haskell,OK
Oklahoma,Okfuskee,OK
Oklahoma,Noble,OK
Oklahoma,Washita,OK
Oklahoma,Pushmataha,OK
Oklahoma,Johnston,OK
Oklahoma,Love,OK
Oklahoma,Latimer,OK
Oklahoma,Nowata,OK
Oklahoma,Blaine,OK
Oklahoma,Woods,OK
Oklahoma,Kiowa,OK
Oklahoma,Major,OK
Oklahoma,Tillman,OK
Oklahoma,Alfalfa,OK
Oklahoma,Cotton,OK
Oklahoma,Greer,OK
Oklahoma,Jefferson,OK
Oklahoma,Coal,OK
Oklahoma,Beaver,OK
Oklahoma,Dewey,OK
Oklahoma,Grant,OK
Oklahoma,Ellis,OK
Oklahoma,Roger Mills,OK
Oklahoma,Harper,OK
Oklahoma,Harmon,OK
Oklahoma,Cimarron,OK
Oregon,Multnomah,OR
Oregon,Washington,OR
Oregon,Clackamas,OR
Oregon,Lane,OR
Oregon,Marion,OR
Oregon,Jackson,OR
Oregon,Deschutes,OR
Oregon,Linn,OR
Oregon,Douglas,OR
Oregon,Yamhill,OR
Oregon,Benton,OR
Oregon,Josephine,OR
Oregon,Polk,OR
Oregon,Umatilla,OR
Oregon,Klamath,OR
Oregon,Coos,OR
Oregon,Columbia,OR
Oregon,Lincoln,OR
Oregon,Clatsop,OR
Oregon,Malheur,OR
Oregon,Tillamook,OR
Oregon,Wasco,OR
Oregon,Union,OR
Oregon,Crook,OR
Oregon,Jefferson,OR
Oregon,Hood River,OR
Oregon,Curry,OR
Oregon,Baker,OR
Oregon,Morrow,OR
Oregon,Lake,OR
Oregon,Harney,OR
Oregon,Wallowa,OR
Oregon,Grant,OR
Oregon,Gilliam,OR
Oregon,Sherman,OR
Oregon,Wheeler,OR
Pennsylvania,Philadelphia,PA
Pennsylvania,Allegheny,PA
Pennsylvania,Montgomery,PA
Pennsylvania,Bucks,PA
Pennsylvania,Delaware,PA
Pennsylvania,Lancaster,PA
Pennsylvania,Chester,PA
Pennsylvania,York,PA
Pennsylvania,Berks,PA
Pennsylvania,Lehigh,PA
Pennsylvania,Westmoreland,PA
Pennsylvania,Luzerne,PA
Pennsylvania,Northampton,PA
Pennsylvania,Dauphin,PA
Pennsylvania,Erie,PA
Pennsylvania,Cumberland,PA
Pennsylvania,Lackawanna,PA
Pennsylvania,Washington,PA
Pennsylvania,Butler,PA
Pennsylvania,Monroe,PA
Pennsylvania,Beaver,PA
Pennsylvania,Centre,PA
Pennsylvania,Franklin,PA
Pennsylvania,Lebanon,PA
Pennsylvania,Schuylkill,PA
Pennsylvania,Cambria,PA
Pennsylvania,Fayette,PA
Pennsylvania,Blair,PA
Pennsylvania,Lycoming,PA
Pennsylvania,Mercer,PA
Pennsylvania,Adams,PA
Pennsylvania,Northumberland,PA
Pennsylvania,Lawrence,PA
Pennsylvania,Crawford,PA
Pennsylvania,Indiana,PA
Pennsylvania,Clearfield,PA
Pennsylvania,Somerset,PA
Pennsylvania,Armstrong,PA
Pennsylvania,Carbon,PA
Pennsylvania,Columbia,PA
Pennsylvania,Bradford,PA
Pennsylvania,Pike,PA
Pennsylvania,Wayne,PA
Pennsylvania,Venango,PA
Pennsylvania,Bedford,PA
Pennsylvania,Mifflin,PA
Pennsylvania,Perry,PA
Pennsylvania,Jefferson,PA
Pennsylvania,Huntingdon,PA
Pennsylvania,Union,PA
Pennsylvania,Tioga,PA
Pennsylvania,McKean,PA
Pennsylvania,Snyder,PA
Pennsylvania,Susquehanna,PA
Pennsylvania,Warren,PA
Pennsylvania,Clinton,PA
Pennsylvania,Clarion,PA
Pennsylvania,Greene,PA
Pennsylvania,Elk,PA
Pennsylvania,Wyoming,PA
Pennsylvania,Juniata,PA
Pennsylvania,Montour,PA
Pennsylvania,Potter,PA
Pennsylvania,Fulton,PA
Pennsylvania,Forest,PA
Pennsylvania,Sullivan,PA
Pennsylvania,Cameron,PA
Rhode Island,Providence,RI
Rhode Island,Kent,RI
Rhode Island,Washington,RI
Rhode Island,Newport,RI
Rhode Island,Bristol,RI
South Carolina,Greenville,SC
South Carolina,Richland,SC
South Carolina,Charleston,SC
South Carolina,Horry,SC
South Carolina,Spartanburg,SC
South Carolina,Lexington,SC
South Carolina,York,SC
South Carolina,Berkeley,SC
South Carolina,Anderson,SC
South Carolina,Beaufort,SC
South Carolina,Aiken,SC
South Carolina,Dorchester,SC
South Carolina,Florence,SC
South Carolina,Pickens,SC
South Carolina,Sumter,SC
South Carolina,Lancaster,SC
South Carolina,Orangeburg,SC
South Carolina,Oconee,SC
South Carolina,Greenwood,SC
South Carolina,Laurens,SC
South Carolina,Kershaw,SC
South Carolina,Georgetown,SC
South Carolina,Darlington,SC
South Carolina,Cherokee,SC
South Carolina,Chesterfield,SC
South Carolina,Colleton,SC
South Carolina,Newberry,SC
South Carolina,Chester,SC
South Carolina,Clarendon,SC
South Carolina,Williamsburg,SC
South Carolina,Jasper,SC
South Carolina,Marion,SC
South Carolina,Dillon,SC
South Carolina,Union,SC
South Carolina,Marlboro,SC
South Carolina,Edgefield,SC
South Carolina,Abbeville,SC
South Carolina,Fairfield,SC
South Carolina,Barnwell,SC
South Carolina,Saluda,SC
South Carolina,Hampton,SC
South Carolina,Lee,SC
South Carolina,Calhoun,SC
South Carolina,Bamberg,SC
South Carolina,McCormick,SC
South Carolina,Allendale,SC
South Dakota,Minnehaha,SD
South Dakota,Pennington,SD
South Dakota,Lincoln,SD
South Dakota,Brown,SD
South Dakota,Brookings,SD
South Dakota,Meade,SD
South Dakota,Codington,SD
South Dakota,Lawrence,SD
South Dakota,Yankton,SD
South Dakota,Davison,SD
South Dakota,Beadle,SD
South Dakota,Hughes,SD
South Dakota,Union,SD
South Dakota,Clay,SD
South Dakota,Oglala Lakota,SD
South Dakota,Lake,SD
South Dakota,Butte,SD
South Dakota,Roberts,SD
South Dakota,Todd,SD
South Dakota,Charles Mix,SD
South Dakota,Turner,SD
South Dakota,Custer,SD
South Dakota,Grant,SD
South Dakota,Hutchinson,SD
South Dakota,Fall River,SD
South Dakota,Bon Homme,SD
South Dakota,Spink,SD
South Dakota,Moody,SD
South Dakota,Hamlin,SD
South Dakota,McCook,SD
South Dakota,Tripp,SD
South Dakota,Day,SD
South Dakota,Walworth,SD
South Dakota,Dewey,SD
South Dakota,Brule,SD
South Dakota,Kingsbury,SD
South Dakota,Marshall,SD
South Dakota,Deuel,SD
South Dakota,Edmunds,SD
South Dakota,Gregory,SD
South Dakota,Corson,SD
South Dakota,Clark,SD
South Dakota,Lyman,SD
South Dakota,Hanson,SD
South Dakota,Bennett,SD
South Dakota,Hand,SD
South Dakota,Stanley,SD
South Dakota,Perkins,SD
South Dakota,Jackson,SD
South Dakota,Douglas,SD
South Dakota,Aurora,SD
South Dakota,Potter,SD
South Dakota,Ziebach,SD
South Dakota,Sanborn,SD
South Dakota,Miner,SD
South Dakota,McPherson,SD
South Dakota,Faulk,SD
South Dakota,Mellette,SD
South Dakota,Buffalo,SD
South Dakota,Jerauld,SD
South Dakota,Haakon,SD
South Dakota,Campbell,SD
South Dakota,Hyde,SD
South Dakota,Sully,SD
South Dakota,Harding,SD
South Dakota,Jones,SD
Tennessee,Shelby,TN
Tennessee,Davidson,TN
Tennessee,Knox,TN
Tennessee,Hamilton,TN
Tennessee,Rutherford,TN
Tennessee,Williamson,TN
Tennessee,Montgomery,TN
Tennessee,Sumner,TN
Tennessee,Sullivan,TN
Tennessee,Wilson,TN
Tennessee,Blount,TN
Tennessee,Washington,TN
Tennessee,Bradley,TN
Tennessee,Maury,TN
Tennessee,Madison,TN
Tennessee,Sevier,TN
Tennessee,Putnam,TN
Tennessee,Anderson,TN
Tennessee,Robertson,TN
Tennessee,Greene,TN
Tennessee,Hamblen,TN
Tennessee,Cumberland,TN
Tennessee,Tipton,TN
Tennessee,Coffee,TN
Tennessee,Hawkins,TN
Tennessee,Carter,TN
Tennessee,Loudon,TN
Tennessee,Jefferson,TN
Tennessee,Dickson,TN
Tennessee,Roane,TN
Tennessee,McMinn,TN
Tennessee,Bedford,TN
Tennessee,Gibson,TN
Tennessee,Monroe,TN
Tennessee,Lawrence,TN
Tennessee,Franklin,TN
Tennessee,Fayette,TN
Tennessee,Cheatham,TN
Tennessee,Warren,TN
Tennessee,Campbell,TN
Tennessee,Dyer,TN
Tennessee,Cocke,TN
Tennessee,Lincoln,TN
Tennessee,Marshall,TN
Tennessee,Rhea,TN
Tennessee,Weakley,TN
Tennessee,Henry,TN
Tennessee,Claiborne,TN
Tennessee,Obion,TN
Tennessee,Giles,TN
Tennessee,Marion,TN
Tennessee,Carroll,TN
Tennessee,Henderson,TN
Tennessee,White,TN
Tennessee,Hardin,TN
Tennessee,McNairy,TN
Tennessee,Hardeman,TN
Tennessee,Macon,TN
Tennessee,Lauderdale,TN
Tennessee,Hickman,TN
Tennessee,Grainger,TN
Tennessee,Overton,TN
Tennessee,Scott,TN
Tennessee,Morgan,TN
Tennessee,DeKalb,TN
Tennessee,Smith,TN
Tennessee,Union,TN
Tennessee,Humphreys,TN
Tennessee,Fentress,TN
Tennessee,Johnson,TN
Tennessee,Unicoi,TN
Tennessee,Haywood,TN
Tennessee,Polk,TN
Tennessee,Chester,TN
Tennessee,Wayne,TN
Tennessee,Sequatchie,TN
Tennessee,Benton,TN
Tennessee,Bledsoe,TN
Tennessee,Cannon,TN
Tennessee,Crockett,TN
Tennessee,Stewart,TN
Tennessee,Grundy,TN
Tennessee,Meigs,TN
Tennessee,Lewis,TN
Tennessee,Jackson,TN
Tennessee,Trousdale,TN
Tennessee,Decatur,TN
Tennessee,Perry,TN
Tennessee,Houston,TN
Tennessee,Clay,TN
Tennessee,Lake,TN
Tennessee,Hancock,TN
Tennessee,Moore,TN
Tennessee,Van Buren,TN
Tennessee,Pickett,TN
Texas,Harris,TX
Texas,Dallas,TX
Texas,Tarrant,TX
Texas,Bexar,TX
Texas,Travis,TX
Texas,Collin,TX
Texas,Denton,TX
Texas,Hidalgo,TX
Texas,El Paso,TX
Texas,Fort Bend,TX
Texas,Montgomery,TX
Texas,Williamson,TX
Texas,Cameron,TX
Texas,Brazoria,TX
Texas,Bell,TX
Texas,Nueces,TX
Texas,Galveston,TX
Texas,Lubbock,TX
Texas,Webb,TX
Texas,McLennan,TX
Texas,Jefferson,TX
Texas,Hays,TX
Texas,Smith,TX
Texas,Brazos,TX
Texas,Ellis,TX
Texas,Johnson,TX
Texas,Guadalupe,TX
Texas,Midland,TX
Texas,Comal,TX
Texas,Ector,TX
Texas,Parker,TX
Texas,Kaufman,TX
Texas,Taylor,TX
Texas,Randall,TX
Texas,Grayson,TX
Texas,Wichita,TX
Texas,Gregg,TX
Texas,Tom Green,TX
Texas,Potter,TX
Texas,Rockwall,TX
Texas,Hunt,TX
Texas,Bastrop,TX
Texas,Liberty,TX
Texas,Bowie,TX
Texas,Victoria,TX
Texas,Angelina,TX
Texas,Orange,TX
Texas,Coryell,TX
Texas,Henderson,TX
Texas,Walker,TX
Texas,Wise,TX
Texas,Harrison,TX
Texas,San Patricio,TX
Texas,Starr,TX
Texas,Nacogdoches,TX
Texas,Hood,TX
Texas,Van Zandt,TX
Texas,Anderson,TX
Texas,Maverick,TX
Texas,Waller,TX
Texas,Hardin,TX
Texas,Navarro,TX
Texas,Kerr,TX
Texas,Rusk,TX
Texas,Medina,TX
Texas,Cherokee,TX
Texas,Polk,TX
Texas,Wilson,TX
Texas,Lamar,TX
Texas,Burnet,TX
Texas,Atascosa,TX
Texas,Val Verde,TX
Texas,Chambers,TX
Texas,Caldwell,TX
Texas,Kendall,TX
Texas,Wood,TX
Texas,Erath,TX
Texas,Cooke,TX
Texas,Wharton,TX
Texas,Upshur,TX
Texas,Jim Wells,TX
Texas,Brown,TX
Texas,Hopkins,TX
Texas,Matagorda,TX
Texas,Hill,TX
Texas,Fannin,TX
Texas,Washington,TX
Texas,Howard,TX
Texas,Jasper,TX
Texas,Hale,TX
Texas,Titus,TX
Texas,Bee,TX
Texas,Kleberg,TX
Texas,Austin,TX
Texas,Grimes,TX
Texas,Cass,TX
Texas,Palo Pinto,TX
Texas,San Jacinto,TX
Texas,Gillespie,TX
Texas,Milam,TX
Texas,Uvalde,TX
Texas,Fayette,TX
Texas,Shelby,TX
Texas,Aransas,TX
Texas,Panola,TX
Texas,Limestone,TX
Texas,Houston,TX
Texas,Lampasas,TX
Texas,Llano,TX
Texas,Gaines,TX
Texas,Hockley,TX
Texas,Moore,TX
Texas,Gray,TX
Texas,Bandera,TX
Texas,Hutchinson,TX
Texas,Colorado,TX
Texas,Lavaca,TX
Texas,Willacy,TX
Texas,Montague,TX
Texas,Calhoun,TX
Texas,Tyler,TX
Texas,DeWitt,TX
Texas,Jones,TX
Texas,Gonzales,TX
Texas,Freestone,TX
Texas,Deaf Smith,TX
Texas,Bosque,TX
Texas,Andrews,TX
Texas,Frio,TX
Texas,Burleson,TX
Texas,Young,TX
Texas,Eastland,TX
Texas,Lee,TX
Texas,Falls,TX
Texas,Robertson,TX
Texas,Scurry,TX
Texas,Leon,TX
Texas,Pecos,TX
Texas,Jackson,TX
Texas,Karnes,TX
Texas,Nolan,TX
Texas,Reeves,TX
Texas,Zapata,TX
Texas,Callahan,TX
Texas,Trinity,TX
Texas,Comanche,TX
Texas,Madison,TX
Texas,Lamb,TX
Texas,Wilbarger,TX
Texas,Camp,TX
Texas,Dawson,TX
Texas,Newton,TX
Texas,Rains,TX
Texas,Morris,TX
Texas,Terry,TX
Texas,Red River,TX
Texas,Blanco,TX
Texas,Live Oak,TX
Texas,Ward,TX
Texas,Franklin,TX
Texas,Clay,TX
Texas,Sabine,TX
Texas,Duval,TX
Texas,Ochiltree,TX
Texas,Runnels,TX
Texas,Parmer,TX
Texas,Zavala,TX
Texas,Marion,TX
Texas,Brewster,TX
Texas,Somervell,TX
Texas,Stephens,TX
Texas,Mitchell,TX
Texas,Dimmit,TX
Texas,Archer,TX
Texas,Jack,TX
Texas,Hamilton,TX
Texas,San Augustine,TX
Texas,Coleman,TX
Texas,McCulloch,TX
Texas,Yoakum,TX
Texas,Winkler,TX
Texas,Castro,TX
Texas,Dallam,TX
Texas,Goliad,TX
Texas,Brooks,TX
Texas,Swisher,TX
Texas,La Salle,TX
Texas,Bailey,TX
Texas,Childress,TX
Texas,Refugio,TX
Texas,Presidio,TX
Texas,Carson,TX
Texas,San Saba,TX
Texas,Garza,TX
Texas,Lynn,TX
Texas,Haskell,TX
Texas,Floyd,TX
Texas,Hartley,TX
Texas,Delta,TX
Texas,Hansford,TX
Texas,Martin,TX
Texas,Crosby,TX
Texas,Wheeler,TX
Texas,Jim Hogg,TX
Texas,Crane,TX
Texas,Mills,TX
Texas,Kimble,TX
Texas,Mason,TX
Texas,Fisher,TX
Texas,Hardeman,TX
Texas,Baylor,TX
Texas,Hemphill,TX
Texas,Sutton,TX
Texas,Knox,TX
Texas,Hudspeth,TX
Texas,Reagan,TX
Texas,Coke,TX
Texas,Donley,TX
Texas,Upton,TX
Texas,Concho,TX
Texas,Kinney,TX
Texas,Shackelford,TX
Texas,Lipscomb,TX
Texas,Crockett,TX
Texas,Collingsworth,TX
Texas,Hall,TX
Texas,Real,TX
Texas,Cochran,TX
Texas,Schleicher,TX
Texas,Sherman,TX
Texas,Culberson,TX
Texas,Oldham,TX
Texas,Jeff Davis,TX
Texas,Menard,TX
Texas,Armstrong,TX
Texas,Cottle,TX
Texas,Dickens,TX
Texas,Irion,TX
Texas,Throckmorton,TX
Texas,Sterling,TX
Texas,Edwards,TX
Texas,Stonewall,TX
Texas,Briscoe,TX
Texas,Motley,TX
Texas,Foard,TX
Texas,Glasscock,TX
Texas,Terrell,TX
Texas,Roberts,TX
Texas,Borden,TX
Texas,McMullen,TX
Texas,Kent,TX
Texas,King,TX
Texas,Kenedy,TX
Texas,Loving,TX
Utah,Salt Lake,UT
Utah,Utah,UT
Utah,Davis,UT
Utah,Weber,UT
Utah,Washington,UT
Utah,Cache,UT
Utah,Tooele,UT
Utah,Box Elder,UT
Utah,Iron,UT
Utah,Summit,UT
Utah,Uintah,UT
Utah,Wasatch,UT
Utah,Sanpete,UT
Utah,Sevier,UT
Utah,Carbon,UT
Utah,Duchesne,UT
Utah,San Juan,UT
Utah,Millard,UT
Utah,Morgan,UT
Utah,Juab,UT
Utah,Emery,UT
Utah,Grand,UT
Utah,Kane,UT
Utah,Beaver,UT
Utah,Garfield,UT
Utah,Rich,UT
Utah,Wayne,UT
Utah,Piute,UT
Utah,Daggett,UT
Vermont,Chittenden,VT
Vermont,Rutland,VT
Vermont,Washington,VT
Vermont,Windsor,VT
Vermont,Franklin,VT
Vermont,Windham,VT
Vermont,Addison,VT
Vermont,Bennington,VT
Vermont,Caledonia,VT
Vermont,Orange,VT
Vermont,Orleans,VT
Vermont,Lamoille,VT
Vermont,Grand Isle,VT
Vermont,Essex,VT
Virginia,Fairfax,VA
Virginia,Prince William,VA
Virginia,Virginia Beach,VA
Virginia,Loudoun,VA
Virginia,Chesterfield,VA
Virginia,Henrico,VA
Virginia,Chesapeake,VA
Virginia,Norfolk,VA
Virginia,Arlington,VA
Virginia,Richmond,VA
Virginia,Newport News,VA
Virginia,Stafford,VA
Virginia,Alexandria,VA
Virginia,Spotsylvania,VA
Virginia,Hampton,VA
Virginia,Albemarle,VA
Virginia,Hanover,VA
Virginia,Montgomery,VA
Virginia,Roanoke,VA
Virginia,Portsmouth,VA
Virginia,Roanoke,VA
Virginia,Suffolk,VA
Virginia,Frederick,VA
Virginia,Rockingham,VA
Virginia,Bedford,VA
Virginia,Lynchburg,VA
Virginia,James City,VA
Virginia,Augusta,VA
Virginia,Fauquier,VA
Virginia,York,VA
Virginia,Pittsylvania,VA
Virginia,Campbell,VA
Virginia,Franklin,VA
Virginia,Washington,VA
Virginia,Culpeper,VA
Virginia,Harrisonburg,VA
Virginia,Henry,VA
Virginia,Charlottesville,VA
Virginia,Shenandoah,VA
Virginia,Prince George,VA
Virginia,Manassas,VA
Virginia,Danville,VA
Virginia,Warren,VA
Virginia,Tazewell,VA
Virginia,Isle of Wight,VA
Virginia,Gloucester,VA
Virginia,Louisa,VA
Virginia,Orange,VA
Virginia,Wise,VA
Virginia,Halifax,VA
Virginia,Pulaski,VA
Virginia,Botetourt,VA
Virginia,Accomack,VA
Virginia,Petersburg,VA
Virginia,Amherst,VA
Virginia,Caroline,VA
Virginia,Powhatan,VA
Virginia,Mecklenburg,VA
Virginia,Smyth,VA
Virginia,Carroll,VA
Virginia,Wythe,VA
Virginia,Fredericksburg,VA
Virginia,Winchester,VA
Virginia,Dinwiddie,VA
Virginia,Fluvanna,VA
Virginia,King George,VA
Virginia,Russell,VA
Virginia,Staunton,VA
Virginia,Salem,VA
Virginia,Goochland,VA
Virginia,Fairfax,VA
Virginia,Page,VA
Virginia,New Kent,VA
Virginia,Hopewell,VA
Virginia,Rockbridge,VA
Virginia,Waynesboro,VA
Virginia,Lee,VA
Virginia,Prince Edward,VA
Virginia,Scott,VA
Virginia,Greene,VA
Virginia,Buchanan,VA
Virginia,Westmoreland,VA
Virginia,Colonial Heights,VA
Virginia,Southampton,VA
Virginia,King William,VA
Virginia,Patrick,VA
Virginia,Manassas Park,VA
Virginia,Bristol,VA
Virginia,Buckingham,VA
Virginia,Giles,VA
Virginia,Radford,VA
Virginia,Appomattox,VA
Virginia,Brunswick,VA
Virginia,Nottoway,VA
Virginia,Floyd,VA
Virginia,Williamsburg,VA
Virginia,Grayson,VA
Virginia,Alleghany,VA
Virginia,Clarke,VA
Virginia,Nelson,VA
Virginia,Falls Church,VA
Virginia,Dickenson,VA
Virginia,Madison,VA
Virginia,Martinsville,VA
Virginia,Amelia,VA
Virginia,Poquoson,VA
Virginia,Northampton,VA
Virginia,Northumberland,VA
Virginia,Lunenburg,VA
Virginia,Charlotte,VA
Virginia,Greensville,VA
Virginia,Lancaster,VA
Virginia,Sussex,VA
Virginia,Middlesex,VA
Virginia,Essex,VA
Virginia,Cumberland,VA
Virginia,Richmond,VA
Virginia,Mathews,VA
Virginia,Franklin,VA
Virginia,Rappahannock,VA
Virginia,Lexington,VA
Virginia,Charles City,VA
Virginia,Galax,VA
Virginia,King and Queen,VA
Virginia,Buena Vista,VA
Virginia,Surry,VA
Virginia,Bland,VA
Virginia,Covington,VA
Virginia,Emporia,VA
Virginia,Craig,VA
Virginia,Bath,VA
Virginia,Norton,VA
Virginia,Highland,VA
Washington,King,WA
Washington,Pierce,WA
Washington,Snohomish,WA
Washington,Spokane,WA
Washington,Clark,WA
Washington,Thurston,WA
Washington,Kitsap,WA
Washington,Yakima,WA
Washington,Whatcom,WA
Washington,Benton,WA
Washington,Skagit,WA
Washington,Cowlitz,WA
Washington,Grant,WA
Washington,Franklin,WA
Washington,Island,WA
Washington,Lewis,WA
Washington,Chelan,WA
Washington,Clallam,WA
Washington,Grays Harbor,WA
Washington,Mason,WA
Washington,Walla Walla,WA
Washington,Whitman,WA
Washington,Stevens,WA
Washington,Kittitas,WA
Washington,Douglas,WA
Washington,Okanogan,WA
Washington,Jefferson,WA
Washington,Pacific,WA
Washington,Klickitat,WA
Washington,Asotin,WA
Washington,Adams,WA
Washington,San Juan,WA
Washington,Pend Oreille,WA
Washington,Skamania,WA
Washington,Lincoln,WA
Washington,Ferry,WA
Washington,Wahkiakum,WA
Washington,Columbia,WA
Washington,Garfield,WA
West Virginia,Kanawha,WV
West Virginia,Berkeley,WV
West Virginia,Monongalia,WV
West Virginia,Cabell,WV
West Virginia,Wood,WV
West Virginia,Raleigh,WV
West Virginia,Harrison,WV
West Virginia,Mercer,WV
West Virginia,Jefferson,WV
West Virginia,Putnam,WV
West Virginia,Marion,WV
West Virginia,Ohio,WV
West Virginia,Fayette,WV
West Virginia,Wayne,WV
West Virginia,Preston,WV
West Virginia,Greenbrier,WV
West Virginia,Logan,WV
West Virginia,Marshall,WV
West Virginia,Hancock,WV
West Virginia,Randolph,WV
West Virginia,Jackson,WV
West Virginia,Mineral,WV
West Virginia,Mason,WV
West Virginia,Nicholas,WV
West Virginia,Upshur,WV
West Virginia,Mingo,WV
West Virginia,Hampshire,WV
West Virginia,Brooke,WV
West Virginia,Boone,WV
West Virginia,Wyoming,WV
West Virginia,Lincoln,WV
West Virginia,McDowell,WV
West Virginia,Morgan,WV
West Virginia,Lewis,WV
West Virginia,Taylor,WV
West Virginia,Barbour,WV
West Virginia,Wetzel,WV
West Virginia,Hardy,WV
West Virginia,Roane,WV
West Virginia,Braxton,WV
West Virginia,Monroe,WV
West Virginia,Summers,WV
West Virginia,Grant,WV
West Virginia,Ritchie,WV
West Virginia,Webster,WV
West Virginia,Tyler,WV
West Virginia,Clay,WV
West Virginia,Pocahontas,WV
West Virginia,Doddridge,WV
West Virginia,Pleasants,WV
West Virginia,Gilmer,WV
West Virginia,Tucker,WV
West Virginia,Calhoun,WV
West Virginia,Pendleton,WV
West Virginia,Wirt,WV
Wisconsin,Milwaukee,WI
Wisconsin,Dane,WI
Wisconsin,Waukesha,WI
Wisconsin,Brown,WI
Wisconsin,Racine,WI
Wisconsin,Outagamie,WI
Wisconsin,Winnebago,WI
Wisconsin,Kenosha,WI
Wisconsin,Rock,WI
Wisconsin,Marathon,WI
Wisconsin,Washington,WI
Wisconsin,La Crosse,WI
Wisconsin,Sheboygan,WI
Wisconsin,Eau Claire,WI
Wisconsin,Walworth,WI
Wisconsin,Fond du Lac,WI
Wisconsin,St. Croix,WI
Wisconsin,Ozaukee,WI
Wisconsin,Dodge,WI
Wisconsin,Jefferson,WI
Wisconsin,Manitowoc,WI
Wisconsin,Wood,WI
Wisconsin,Portage,WI
Wisconsin,Chippewa,WI
Wisconsin,Sauk,WI
Wisconsin,Columbia,WI
Wisconsin,Calumet,WI
Wisconsin,Grant,WI
Wisconsin,Waupaca,WI
Wisconsin,Barron,WI
Wisconsin,Monroe,WI
Wisconsin,Dunn,WI
Wisconsin,Polk,WI
Wisconsin,Douglas,WI
Wisconsin,Pierce,WI
Wisconsin,Marinette,WI
Wisconsin,Shawano,WI
Wisconsin,Oconto,WI
Wisconsin,Oneida,WI
Wisconsin,Green,WI
Wisconsin,Clark,WI
Wisconsin,Vernon,WI
Wisconsin,Trempealeau,WI
Wisconsin,Door,WI
Wisconsin,Lincoln,WI
Wisconsin,Juneau,WI
Wisconsin,Waushara,WI
Wisconsin,Iowa,WI
Wisconsin,Vilas,WI
Wisconsin,Jackson,WI
Wisconsin,Adams,WI
Wisconsin,Kewaunee,WI
Wisconsin,Taylor,WI
Wisconsin,Langlade,WI
Wisconsin,Green Lake,WI
Wisconsin,Sawyer,WI
Wisconsin,Richland,WI
Wisconsin,Lafayette,WI
Wisconsin,Washburn,WI
Wisconsin,Burnett,WI
Wisconsin,Bayfield,WI
Wisconsin,Crawford,WI
Wisconsin,Ashland,WI
Wisconsin,Marquette,WI
Wisconsin,Rusk,WI
Wisconsin,Price,WI
Wisconsin,Buffalo,WI
Wisconsin,Forest,WI
Wisconsin,Pepin,WI
Wisconsin,Iron,WI
Wisconsin,Florence,WI
Wisconsin,Menominee,WI
Wyoming,Laramie,WY
Wyoming,Natrona,WY
Wyoming,Campbell,WY
Wyoming,Sweetwater,WY
Wyoming,Fremont,WY
Wyoming,Albany,WY
Wyoming,Sheridan,WY
Wyoming,Park,WY
Wyoming,Teton,WY
Wyoming,Uinta,WY
Wyoming,Lincoln,WY
Wyoming,Carbon,WY
Wyoming,Converse,WY
Wyoming,Goshen,WY
Wyoming,Big Horn,WY
Wyoming,Sublette,WY
Wyoming,Platte,WY
Wyoming,Johnson,WY
Wyoming,Washakie,WY
Wyoming,Crook,WY
Wyoming,Weston,WY
Wyoming,Hot Springs,WY
Wyoming,Niobrara,WY
